index,mean,median,std
lastmonth_activity,169.38888888888889,73.0,293.00212361763596
lastyear_activity,1310.9722222222222,908.5,1920.6580492277878
number_of_employees,29.555555555555557,16.0,33.14250136645387
exited,0.6111111111111112,1.0,0.4944132324730442
